000020,동화약품,p
000040,KR모터스,p
000050,경방,p
000060,메리츠화재,p
000070,삼양홀딩스,p
000075,삼양홀딩스우,p
000080,하이트진로,p
000087,하이트진로2우B,p
000100,유한양행,p
000105,유한양행우,p
000120,CJ대한통운,p
000140,하이트진로홀딩스,p
000145,하이트진로홀딩스우,p
000150,두산,p
000155,두산우,p
000157,두산2우B,p
000180,성창기업지주,p
000210,대림산업,p
000215,대림산업우,p
000220,유유제약,p
000225,유유제약1우,p
000227,유유제약2우B,p
000230,일동홀딩스,p
000240,한국타이어월드와이드,p
000250,삼천당제약,q
000270,기아차,p
000300,대유플러스,p
000320,노루홀딩스,p
000325,노루홀딩스우,p
000370,한화손해보험,p
000390,삼화페인트,p
000400,롯데손해보험,p
000430,대원강업,p
000440,중앙에너비스,q
000480,조선내화,p
000490,대동공업,p
000500,가온전선,p
000520,삼일제약,p
000540,흥국화재,p
000545,흥국화재우,p
000547,흥국화재2우B,p
000590,CS홀딩스,p
000640,동아쏘시오홀딩스,p
000650,천일고속,p
000660,SK하이닉스,p
000670,영풍,p
000680,LS네트웍스,p
000700,유수홀딩스,p
000720,현대건설,p
000725,현대건설우,p
000760,이화산업,p
000810,삼성화재,p
000815,삼성화재우,p
000850,화천기공,p
000860,강남제비스코,p
000880,한화,p
000885,한화우,p
00088K,한화3우B,p
000890,보해양조,p
000910,유니온,p
000950,전방,p
000970,한국주철관,p
000990,DB하이텍,p
000995,DB하이텍1우,p
001000,신라섬유,q
001020,페이퍼코리아,p
001040,CJ,p
001045,CJ우,p
001060,JW중외제약,p
001065,JW중외제약우,p
001067,JW중외제약2우B,p
001070,대한방직,p
001080,만호제강,p
001120,LG상사,p
001130,대한제분,p
001140,국보,p
001200,유진투자증권,p
001210,금호전기,p
001230,동국제강,p
001250,GS글로벌,p
001260,남광토건,p
001270,부국증권,p
001275,부국증권우,p
001290,골든브릿지증권,p
001340,백광산업,p
001360,삼성제약,p
001380,SG충방,p
001390,KG케미칼,p
001420,태원물산,p
001430,세아베스틸,p
001440,대한전선,p
001450,현대해상,p
001460,BYC,p
001465,BYC우,p
001470,삼부토건,p
001500,현대차증권,p
001510,SK증권,p
001515,SK증권우,p
001520,동양,p
001525,동양우,p
001527,동양2우B,p
001529,동양3우B,p
001530,동일방직,p
001540,안국약품,q
001550,조비,p
001560,제일연마,p
001570,금양,p
001620,동국실업,p
001630,종근당홀딩스,p
001680,대상,p
001685,대상우,p
001720,신영증권,p
001725,신영증권우,p
001740,SK네트웍스,p
001745,SK네트웍스우,p
001750,한양증권,p
001755,한양증권우,p
001770,신화실업,p
001780,알루코,p
001790,대한제당,p
001795,대한제당우,p
001799,대한제당3우B,p
001800,오리온홀딩스,p
001810,무림SP,q
001820,삼화콘덴서,p
001840,이화공영,q
001880,삼호,p
001940,KISCO홀딩스,p
002020,코오롱,p
002025,코오롱우,p
002030,아세아,p
002070,남영비비안,p
002100,경농,p
002140,고려산업,p
002150,도화엔지니어링,p
002170,삼양통상,p
002200,수출포장,p
002210,동성제약,p
002220,한일철강,p
002230,피에스텍,q
002240,고려제강,p
002250,알보젠코리아,p
002270,롯데푸드,p
002290,삼일기업공사,q
002300,한국제지,p
002310,아세아제지,p
002320,한진,p
002350,넥센타이어,p
002355,넥센타이어1우B,p
002360,SH에너지화학,p
002380,KCC,p
002390,한독,p
002410,범양건영,p
002420,세기상사,p
002450,삼익악기,p
002460,화성산업,p
002600,조흥,p
002620,제일파마홀딩스,p
002630,오리엔트바이오,p
002680,한탑,q
002690,동일제강,p
002700,신일산업,p
002710,TCC동양,p
002720,국제약품,p
002760,보락,p
002780,진흥기업,p
002785,진흥기업우B,p
002787,진흥기업2우B,p
002790,아모레G,p
002795,아모레G우,p
002800,신신제약,q
002810,삼영무역,p
002820,선창산업,p
002840,미원상사,p
002870,신풍제지,p
002880,대유에이텍,p
002900,동양물산,p
002920,유성기업,p
002960,한국쉘석유,p
002990,금호산업,p
002995,금호산업우,p
003000,부광약품,p
003010,혜인,p
003030,세아제강지주,p
003060,에이프로젠제약,p
003070,코오롱글로벌,p
003075,코오롱글로벌우,p
003080,성보화학,p
003090,대웅,p
003100,선광,q
003120,일성신약,p
003160,디아이,p
003200,일신방직,p
003220,대원제약,p
003230,삼양식품,p
003240,태광산업,p
003280,흥아해운,p
003300,한일홀딩스,p
003310,대주산업,q
003350,한국화장품제조,p
003380,하림지주,q
003410,쌍용양회,p
003415,쌍용양회우,p
003460,유화증권,p
003465,유화증권우,p
003470,유안타증권,p
003475,유안타증권우,p
003480,한진중공업홀딩스,p
003490,대한항공,p
003495,대한항공우,p
003520,영진약품,p
003530,한화투자증권,p
003535,한화투자증권우,p
003540,대신증권,p
003545,대신증권우,p
003547,대신증권2우B,p
003550,LG,p
003555,LG우,p
003560,IHQ,p
003570,S&T중공업,p
003580,넥스트사이언스,p
003610,방림,p
003620,쌍용차,p
003650,미창석유,p
003670,포스코켐텍,q
003680,한성기업,p
003690,코리안리,p
003720,삼영화학,p
003780,진양산업,p
003800,에이스침대,q
003830,대한화섬,p
003850,보령제약,p
003920,남양유업,p
003925,남양유업우,p
003960,사조대림,p
004000,롯데정밀화학,p
004020,현대제철,p
004060,SG세계물산,p
004080,신흥,p
004090,한국석유,p
004100,태양금속,p
004105,태양금속우,p
004140,동방,p
004150,한솔홀딩스,p
004170,신세계,p
004200,고려개발,p
004250,NPC,p
004255,NPC우,p
004270,남성,p
004310,현대약품,p
004360,세방,p
004365,세방우,p
004370,농심,p
004380,삼익THK,p
004410,서울식품,p
004415,서울식품우,p
004430,송원산업,p
004440,대림씨엔에스,p
004450,삼화왕관,p
004490,세방전지,p
004540,깨끗한나라,p
004545,깨끗한나라우,p
004560,현대비앤지스틸,p
004565,현대비앤지스틸우,p
004590,한국가구,q
004650,창해에탄올,q
004690,삼천리,p
004700,조광피혁,p
004710,한솔테크닉스,p
004720,우리들제약,p
004770,써니전자,p
004780,대륙제관,q
004800,효성,p
004830,덕성,p
004835,덕성우,p
004840,DRB동일,p
004870,티웨이홀딩스,p
004890,동일산업,p
004910,조광페인트,p
004920,씨아이테크,p
004960,한신공영,p
004970,신라교역,p
004980,성신양회,p
004985,성신양회우,p
004987,성신양회2우B,p
004989,성신양회3우B,p
004990,롯데지주,p
00499K,롯데지주우,p
005010,휴스틸,p
005030,부산주공,p
005070,코스모신소재,p
005090,삼광글라스,p
005110,한창,p
005160,동국산업,q
005180,빙그레,p
005190,동성화학,p
005250,녹십자홀딩스,p
005257,녹십자홀딩스2우,p
005290,동진쎄미켐,q
005300,롯데칠성,p
005305,롯데칠성우,p
005320,국동,p
005360,모나미,p
005380,현대차,p
005385,현대차우,p
005387,현대차2우B,p
005389,현대차3우B,p
005390,신성통상,p
005420,코스모화학,p
005430,한국공항,p
005440,현대그린푸드,p
005450,신한,p
005490,POSCO,p
005500,삼진제약,p
005610,SPC삼립,p
005670,푸드웰,q
005680,삼영전자,p
005690,파미셀,p
005710,대원산업,q
005720,넥센,p
005725,넥센우,p
005740,크라운해태홀딩스,p
005745,크라운해태홀딩스우,p
005750,대림B&Co,p
005800,신영와코루,p
005810,풍산홀딩스,p
005820,원림,p
005830,DB손해보험,p
005850,에스엘,p
005860,한일사료,q
005870,휴니드,p
005880,대한해운,p
005930,삼성전자,p
005935,삼성전자우,p
005940,NH투자증권,p
005945,NH투자증권우,p
005950,이수화학,p
005960,동부건설,p
005965,동부건설우,p
005990,매일홀딩스,q
006040,동원산업,p
006050,국영지앤엠,q
006060,화승인더,p
006090,사조오양,p
006110,삼아알미늄,p
006120,SK디스커버리,p
006125,SK디스커버리우,p
006140,피제이전자,q
006200,한국전자홀딩스,p
006220,제주은행,p
006260,LS,p
006280,녹십자,p
006340,대원전선,p
006345,대원전선우,p
006360,GS건설,p
006370,대구백화점,p
006380,카프로,p
006390,한일현대시멘트,p
006400,삼성SDI,p
006405,삼성SDI우,p
006490,인스코비,p
006570,대림통상,p
006580,대양제지,q
006620,동구바이오제약,q
006650,대한유화,p
006660,삼성공조,p
006730,서부T&D,q
006740,영풍제지,p
006800,미래에셋대우,p
006805,미래에셋대우우,p
00680K,미래에셋대우2우B,p
006840,AK홀딩스,p
006880,신송홀딩스,p
006890,태경화학,p
006910,보성파워텍,q
006920,모헨즈,q
006980,우성사료,p
007070,GS리테일,p
007110,일신석재,p
007120,미래아이앤지,p
007160,사조산업,p
007210,벽산,p
007280,한국특수형강,p
007310,오뚜기,p
007330,푸른저축은행,q
007340,디티알오토모티브,p
007370,진양제약,q
007390,네이처셀,q
007460,에이프로젠 KIC,p
007530,영신금속,q
007540,샘표,p
007570,일양약품,p
007575,일양약품우,p
007590,동방아그로,p
007610,선도전기,p
007630,폴루스바이오팜,p
007660,이수페타시스,p
007680,대원,q
007690,국도화학,p
007700,F&F,p
007720,대명코퍼레이션,q
007770,한일화학,q
007810,코리아써키트,p
007815,코리아써우,p
00781K,코리아써키트2우B,p
007820,에스엠코어,q
007860,서연,p
007980,태평양물산,p
008040,사조동아원,p
008060,대덕전자,p
00806K,대덕전자1우,p
008110,대동전자,p
008250,이건산업,p
008260,NI스틸,p
008290,원풍물산,q
008350,남선알미늄,p
008355,남선알미우,p
008370,원풍,q
008420,문배철강,p
008470,부스타,q
008490,서흥,p
008500,일정실업,p
008560,메리츠종금증권,p
008600,윌비스,p
008700,아남전자,p
008730,율촌화학,p
008770,호텔신라,p
008775,호텔신라우,p
008800,행남사,q
008830,대동기어,q
008870,금비,p
008930,한미사이언스,p
008970,동양철관,p
009070,KCTC,p
009140,경인전자,p
009150,삼성전기,p
009155,삼성전기우,p
009160,SIMPAC,p
009180,한솔로지스틱스,p
009190,대양금속,p
009200,무림페이퍼,p
009240,한샘,p
009270,신원,p
009275,신원우,p
009290,광동제약,p
009300,삼아제약,q
009310,참엔지니어링,p
009320,대우부품,p
009410,태영건설,p
009415,태영건설우,p
009420,한올바이오파마,p
009440,KC그린홀딩스,p
009450,경동나비엔,p
009460,한창제지,p
009470,삼화전기,p
009520,포스코엠텍,q
009540,현대중공업,p
009580,무림P&P,p
009620,삼보산업,q
009680,모토닉,p
009730,코센,q
009770,삼정펄프,p
009780,엠에스씨,q
009810,엔케이물산,p
009830,한화케미칼,p
009835,한화케미칼우,p
009970,영원무역홀딩스,p
010040,한국내화,p
010050,우리종금,p
010060,OCI,p
010100,한국프랜지,p
010120,LS산전,p
010130,고려아연,p
010140,삼성중공업,p
010145,삼성중공우,p
010170,대한광통신,q
010240,흥국,q
010280,쌍용정보통신,q
010400,우진아이엔에스,p
010420,한솔PNS,p
010470,오리콤,q
010580,지코,p
010600,웰바이오텍,p
010620,현대미포조선,p
010640,진양폴리,p
010660,화천기계,p
010690,화신,p
010770,평화홀딩스,p
010780,아이에스동서,p
010820,퍼스텍,p
010950,S-Oil,p
010955,S-Oil우,p
010960,삼호개발,p
011000,진원생명과학,p
011040,경동제약,q
011070,LG이노텍,p
011080,형지I&C,q
011090,에넥스,p
011150,CJ씨푸드,p
011155,CJ씨푸드1우,p
011160,두산건설,p
011170,롯데케미칼,p
011200,현대상선,p
011210,현대위아,p
011230,삼화전자,p
011280,태림포장,p
011300,성안,p
011320,유니크,q
011330,유니켐,p
011370,서한,q
011390,부산산업,p
011420,갤럭시아에스엠,p
011500,한농화성,p
011560,세보엠이씨,q
011690,유양디앤유,p
011700,한신기계,p
011760,현대상사,p
011780,금호석유,p
011785,금호석유우,p
011790,SKC,p
011810,STX,p
011930,신성이엔지,p
012030,DB,p
012160,영흥철강,p
012170,키위미디어그룹,p
012200,계양전기,p
012205,계양전기우,p
012280,영화금속,p
012320,경동인베스트,p
012330,현대모비스,p
012340,뉴인텍,q
012450,한화에어로스페이스,p
012510,더존비즈온,p
012600,청호컴넷,p
012610,경인양행,p
012620,원일특강,q
012630,HDC,p
012690,모나리자,p
012700,리드코프,q
012750,에스원,p
012790,신일제약,q
012800,대창,p
012860,서연전자,q
013000,세우글로벌,p
013030,하이록코리아,q
013120,동원개발,q
013310,아진산업,q
013360,일성건설,p
013520,화승알앤에이,p
013570,디와이,p
013580,계룡건설,p
013700,까뮤이앤씨,p
013720,청보산업,q
013810,스페코,q
013870,지엠비코리아,p
013990,아가방컴퍼니,q
014100,보령메디앙스,q
014130,한익스프레스,p
014160,대영포장,p
014190,원익큐브,q
014200,광림,q
014280,금강공업,p
014285,금강공업우,p
014440,영보화학,p
014470,부방,q
014530,극동유화,p
014570,고려제약,q
014580,백광소재,p
014620,성광벤드,q
014680,한솔케미칼,p
014710,사조씨푸드,p
014790,한라,p
014820,동원시스템즈,p
014825,동원시스템즈우,p
014830,유니드,p
014910,성문전자,p
014915,성문전자우,p
014940,오리엔탈정공,q
014970,삼륭물산,q
014990,인디에프,p
015020,이스타코,p
015230,대창단조,p
015260,에이엔피,p
015350,부산가스,p
015360,예스코홀딩스,p
015540,메디플란트,p
015590,큐로,p
015710,코콤,q
015750,성우하이텍,q
015760,한국전력,p
015860,일진홀딩스,p
015890,태경산업,p
016090,대현,p
016100,리더스코스메틱,q
016250,이테크건설,q
016360,삼성증권,p
016380,동부제철,p
016385,동부제철우,p
016450,한세예스24홀딩스,p
016580,환인제약,p
016590,신대양제지,p
016600,큐캐피탈,q
016610,DB금융투자,p
016670,포비스티앤씨,q
016710,대성홀딩스,p
016740,두올,p
016790,현대사료,q
016800,퍼시스,p
016880,웅진,p
016920,카스,q
017000,신원종합개발,q
017040,광명전기,p
017180,명문제약,p
017250,인터엠,q
017370,우신시스템,p
017390,서울가스,p
017480,삼현철강,q
017510,세명전기,q
017550,수산중공업,p
017650,대림제지,q
017670,SK텔레콤,p
017680,데코앤이,q
017800,현대엘리베이,p
017810,풀무원,p
017890,한국알콜,q
017900,광전자,p
017940,E1,p
017960,한국카본,p
018000,유니슨,q
018120,진로발효,q
018250,애경산업,p
018260,삼성에스디에스,p
018290,지엠피,q
018310,삼목에스폼,q
018470,조일알미늄,p
018500,동원금속,p
018620,우진비앤지,q
018670,SK가스,p
018680,서울제약,q
018700,바른손,q
018880,한온시스템,p
019010,그랜드백화점,q
019170,신풍제약,p
019175,신풍제약우,p
019180,티에이치엔,p
019210,와이지-원,q
019440,세아특수강,p
019490,하이트론,p
019540,일지테크,q
019550,SBI인베스트먼트,q
019570,제미니투자,q
019660,글로본,q
019680,대교,p
019685,대교우B,p
019770,서연탑메탈,q
019990,에너토크,q
020000,한섬,p
020120,키다리스튜디오,p
020150,일진머티리얼즈,p
020180,대신정보통신,q
020400,대동금속,q
020560,아시아나항공,p
020710,시공테크,q
020760,일진디스플,p
021040,대호피앤씨,q
021045,대호피앤씨우,q
021050,서원,p
021080,에이티넘인베스트,q
021240,코웨이,p
021320,KCC건설,q
021650,한국큐빅,q
021820,세원정공,p
021880,메이슨캐피탈,q
022100,포스코 ICT,q
022220,정산애강,q
023000,삼원강재,p
023150,MH에탄올,p
023160,태광,q
023350,한국종합기술,p
023410,유진기업,q
023440,제일제강,q
023450,동남합성,p
023460,CNH,q
023530,롯데쇼핑,p
023590,다우기술,p
023600,삼보판지,q
023760,한국캐피탈,q
023770,플레이위드,q
023790,동일철강,q
023800,인지컨트롤스,p
023810,인팩,p
023890,아트라스BX,q
023900,풍국주정,q
023910,대한약품,q
023960,에쓰씨엔지니어링,p
024060,흥구석유,q
024070,WISCOM,p
024090,디씨엠,p
024110,기업은행,p
024120,KB오토시스,q
024720,한국콜마홀딩스,p
024740,한일단조,q
024800,유성티엔에스,q
024810,이화전기,q
024830,세원물산,q
024840,갑을메탈,q
024850,피에스엠씨,q
024880,케이피에프,q
024890,대원화성,p
024900,덕양산업,p
024910,경창산업,q
024940,PN풍년,q
024950,삼천리자전거,q
025000,KPX케미칼,p
025320,시노펙스,q
025440,대성엘텍,q
025530,SJM홀딩스,p
025540,한국단자,p
025550,한국선재,q
025560,미래산업,p
025620,제이준코스메틱,p
025750,한솔홈데코,p
025770,한국정보통신,q
025820,이구산업,p
025860,남해화학,p
025870,신라에스지,q
025880,케이씨피드,q
025890,한국주강,p
025900,동화기업,q
025950,동신건설,q
025980,아난티,q
026040,제이에스티나,q
026150,특수건설,q
026180,현대정보기술,q
026890,디피씨,p
026910,광진실업,q
026940,부국철강,p
026960,동서,p
027040,서울전자통신,q
027050,코리아나,q
027360,아주IB투자,q
027390,한화갤러리아타임월드,p
027410,BGF,p
027580,상보,q
027710,팜스토리,q
027740,마니커,p
027830,대성창투,q
027970,세하,p
028040,미래SCI,q
028050,삼성엔지니어링,p
028080,휴맥스홀딩스,q
028100,동아지질,p
028150,GS홈쇼핑,q
028260,삼성물산,p
02826K,삼성물산우B,p
028300,에이치엘비,q
028670,팬오션,p
029460,케이씨,p
029480,바른테크놀로지,q
029530,신도리코,p
029780,삼성카드,p
029960,코엔텍,q
030000,제일기획,p
030190,NICE평가정보,q
030200,KT,p
030210,KTB투자증권,p
030270,에스마크,q
030350,드래곤플라이,q
030520,한글과컴퓨터,q
030530,원익홀딩스,q
030610,교보증권,p
030720,동원수산,p
030790,동양네트웍스,p
030960,양지사,q
031310,아이즈비전,q
031330,에스에이엠티,q
031390,녹십자셀,q
031430,신세계인터내셔날,p
031440,신세계푸드,p
031510,오스템,q
031820,콤텍시스템,p
031860,엔에스엔,q
031980,피에스케이,q
032080,아즈텍WB,q
032190,다우데이타,q
032280,삼일,q
032350,롯데관광개발,p
032500,케이엠더블유,q
032540,TJ미디어,q
032560,황금에스티,p
032580,피델릭스,q
032620,유비케어,q
032640,LG유플러스,p
032680,소프트센,q
032685,소프트센우,q
032750,삼진,q
032790,엠젠플러스,q
032800,판타지오,q
032820,우리기술,q
032830,삼성생명,p
032850,비트컴퓨터,q
032860,GMR 머티리얼즈,q
032940,원익,q
032960,동일기연,q
032980,바이온,q
033050,제이엠아이,q
033100,제룡전기,q
033110,이디,q
033130,디지틀조선,q
033160,엠케이전자,q
033170,시그네틱스,q
033180,필룩스,p
033200,모아텍,q
033230,인성정보,q
033240,자화전자,p
033250,체시스,p
033270,유나이티드제약,p
033290,코웰패션,q
033310,디케이디앤아이,q
033320,제이씨현시스템,q
033340,좋은사람들,q
033430,디에스티,q
033500,동성화인텍,q
033530,세종공업,p
033540,파라텍,q
033560,블루콤,q
033600,에이코넬,q
033640,네패스,q
033660,아주캐피탈,p
033780,KT&G,p
033790,스카이문스테크놀로지,q
033830,티비씨,q
033920,무학,p
034020,두산중공업,p
034120,SBS,p
034220,LG디스플레이,p
034230,파라다이스,q
034300,신세계건설,p
034310,NICE,p
034590,인천도시가스,p
034730,SK,p
03473K,SK우,p
034810,해성산업,q
034830,한국토지신탁,p
034940,조아제약,q
034950,한국기업평가,q
035000,지투알,p
035080,인터파크홀딩스,q
035150,백산,p
035200,프럼파스트,q
035250,강원랜드,p
035290,더블유에프엠,q
035420,NAVER,p
035460,기산텔레콤,q
035510,신세계 I&C,p
035600,KG이니시스,q
035610,솔본,q
035620,바른손이앤에이,q
035720,카카오,p
035760,CJ ENM,q
035810,이지바이오,q
035890,서희건설,q
035900,JYP Ent.,q
036000,예림당,q
036010,아비코전자,q
036030,KTH,q
036090,위지트,q
036120,SCI평가정보,q
036170,씨티젠,q
036180,영인프런티어,q
036190,금화피에스시,q
036200,유니셈,q
036260,이매진아시아,q
036420,제이콘텐트리,q
036460,한국가스공사,p
036480,대성미생물,q
036490,SK머티리얼즈,q
036530,S&T홀딩스,p
036540,SFA반도체,q
036560,영풍정밀,q
036570,엔씨소프트,p
036580,팜스코,p
036620,버추얼텍,q
036630,세종텔레콤,q
036640,HRS,q
036670,KCI,q
036690,코맥스,q
036710,심텍홀딩스,q
036800,나이스정보통신,q
036810,에프에스티,q
036830,솔브레인,q
036890,진성티이씨,q
036930,주성엔지니어링,q
037030,파워넷,q
037070,파세코,q
037230,한국팩키지,q
037270,YG PLUS,p
037330,인지디스플레,q
037350,성도이엔지,q
037370,EG,q
037400,우리조명,q
037440,희림,q
037460,삼지전자,q
037560,CJ헬로,p
037710,광주신세계,p
037760,쎄니트,q
037950,엘컴텍,q
038010,제일테크노스,q
038060,루멘스,q
038070,서린바이오,q
038110,에코플라스틱,q
038160,팍스넷,q
038290,마크로젠,q
038390,레드캡투어,q
038460,바이오스마트,q
038500,삼표시멘트,q
038530,골드퍼시픽,q
038540,상상인,q
038620,위즈코프,q
038680,에스넷,q
038870,에코바이오,q
038880,아이에이,q
038950,파인디지털,q
039010,현대통신,q
039020,이건홀딩스,q
039030,이오테크닉스,q
039130,하나투어,p
039200,오스코텍,q
039230,에이아이비트,q
039240,경남스틸,q
039290,인포뱅크,q
039310,세중,q
039340,한국경제TV,q
039420,케이엘넷,q
039440,에스티아이,q
039490,키움증권,p
039560,다산네트웍스,q
039570,HDC아이콘트롤스,p
039610,화성밸브,q
039670,스포츠서울,q
039740,한국정보공학,q
039830,오로라,q
039840,디오,q
039860,나노엔텍,q
039980,리노스,q
040160,누리텔레콤,q
040300,YTN,q
040350,큐로컴,q
040420,정상제이엘에스,q
040610,SG&G,q
040910,아이씨디,q
041020,인프라웨어,q
041140,넥슨지티,q
041190,우리기술투자,q
041440,에버다임,q
041460,한국전자인증,q
041510,에스엠,q
041520,이라이콤,q
041590,에너전트,q
041650,상신브레이크,p
041830,인바디,q
041910,에스텍파마,q
041920,메디아나,q
041930,동아화성,q
041960,코미팜,q
042000,카페24,q
042040,케이피엠테크,q
042110,에스씨디,q
042370,비츠로테크,q
042420,네오위즈홀딩스,q
042500,링네트,q
042510,라온시큐어,q
042520,한스바이오메드,q
042600,새로닉스,q
042660,대우조선해양,p
042670,두산인프라코어,p
042700,한미반도체,p
042940,상지카일룸,q
043090,팜스웰바이오,q
043100,솔고바이오,q
043150,바텍,q
043200,파루,q
043220,에이치엘비파워,q
043260,성호전자,q
043290,케이맥,q
043340,에쎈테크,q
043360,디지아이,q
043370,평화정공,q
043590,크로바하이텍,q
043610,지니뮤직,q
043650,국순당,q
043710,서울리거,q
043910,자연과환경,q
044060,조광ILI,q
044180,KD건설,q
044340,위닉스,q
044380,주연테크,p
044450,KSS해운,p
044480,바이오제네틱스,q
044490,태웅,q
044780,에이치케이,q
044820,코스맥스비티아이,p
044960,이글벳,q
045060,오공,q
045100,한양이엔지,q
045300,성우테크론,q
045340,토탈소프트,q
045390,대아티아이,q
045510,정원엔시스,q
045520,크린앤사이언스,q
045660,에이텍,q
045890,GV,q
045970,코아시아홀딩스,q
046070,코다코,q
046110,한일네트웍스,q
046120,오르비텍,q
046140,SBS콘텐츠허브,q
046210,파나진,q
046310,백금T&A,q
046390,삼화네트웍스,q
046440,KG모빌리언스,q
046890,서울반도체,q
046940,우원개발,q
046970,우리로,q
047040,대우건설,p
047050,포스코대우,p
047080,한빛소프트,q
047310,파워로직스,q
047400,유니온머티리얼,p
047560,이스트소프트,q
047770,코데즈컴바인,q
047810,한국항공우주,p
047820,초록뱀,q
047920,씨트리,q
048260,오스템임플란트,q
048410,현대바이오,q
048430,유라테크,q
048470,대동스틸,q
048530,인트론바이오,q
048550,SM C&C,q
048770,TPC,q
048830,엔피케이,q
048870,시너지이노베이션,q
048910,대원미디어,q
049070,인탑스,q
049080,기가레인,q
049120,파인디앤씨,q
049180,셀루메드,q
049430,코메론,q
049470,SGA,q
049480,오픈베이스,q
049520,유아이엘,q
049550,잉크테크,q
049630,재영솔루텍,q
049720,고려신용정보,q
049770,동원F&B,p
049800,우진플라임,p
049830,승일,q
049950,미래컴퍼니,q
049960,쎌바이오텍,q
050090,휘닉스소재,q
050110,캠시스,q
050120,라이브플렉스,q
050540,한국코퍼레이션,q
050760,에스폴리텍,q
050860,아세아텍,q
050890,쏠리드,q
050960,수산아이앤티,q
051160,지어소프트,q
051360,토비스,q
051370,인터플렉스,q
051380,피씨디렉트,q
051390,YW,q
051490,나라엠앤디,q
051500,CJ프레시웨이,q
051600,한전KPS,p
051630,진양화학,p
051780,큐로홀딩스,q
051900,LG생활건강,p
051905,LG생활건강우,p
051910,LG화학,p
051915,LG화학우,p
051980,중앙리빙테크,q
052020,에스티큐브,q
052190,이에스에이,q
052220,iMBC,q
052260,SK바이오랜드,q
052300,W홀딩컴퍼니,q
052330,코텍,q
052400,코나아이,q
052420,오성첨단소재,q
052460,아이크래프트,q
052600,한네트,q
052670,제일바이오,q
052690,한전기술,p
052710,아모텍,q
052790,액토즈소프트,q
052860,아이앤씨,q
052900,KMH하이텍,q
053030,바이넥스,q
053050,지에스이,q
053060,세동,q
053110,소리바다,q
053160,프리엠스,q
053210,스카이라이프,p
053260,금강철강,q
053270,구영테크,q
053280,예스24,q
053290,NE능률,q
053300,한국정보인증,q
053350,이니텍,q
053450,세코닉스,q
053580,웹케시,q
053590,한국테크놀로지,q
053610,프로텍,q
053620,태양,q
053660,현진소재,q
053690,한미글로벌,p
053700,삼보모터스,q
053800,안랩,q
053980,오상자이엘,q
054040,한국컴퓨터,q
054050,농우바이오,q
054090,삼진엘앤디,q
054180,중앙오션,q
054210,이랜텍,q
054220,비츠로시스,q
054300,팬스타엔터프라이즈,q
054410,케이피티유,q
054450,텔레칩스,q
054540,삼영엠텍,q
054620,APS홀딩스,q
054630,에이디칩스,q
054670,대한뉴팜,q
054780,키이스트,q
054800,아이디스홀딩스,q
054920,한컴시큐어,q
054930,유신,q
054940,엑사이엔씨,q
054950,제이브이엠,q
055490,테이팩스,p
055550,신한지주,p
056000,신스타임즈,q
056080,유진로봇,q
056090,유앤아이,q
056190,에스에프에이,q
056360,코위버,q
056700,신화인터텍,q
056730,포스링크,q
057030,와이비엠넷,q
057050,현대홈쇼핑,p
057500,SKC 솔믹스,q
057540,옴니시스템,q
057680,옴니텔,q
057880,토필드,q
058110,멕아이씨에스,q
058220,아리온,q
058400,KNN,q
058420,제이웨이,q
058430,포스코강판,p
058450,일야,q
058470,리노공업,q
058530,슈펙스비앤피,q
058610,에스피지,q
058630,엠게임,q
058650,세아홀딩스,p
058730,다스코,p
058820,CMG제약,q
058850,KTcs,p
058860,케이티스,p
059090,미코,q
059100,아이컴포넌트,q
059120,아진엑스텍,q
059210,메타바이오메드,q
060150,인선이엔티,q
060230,이그잭스,q
060240,룽투코리아,q
060250,NHN한국사이버결제,q
060260,뉴보텍,q
060280,큐렉소,q
060300,레드로버,q
060310,3S,q
060370,KT서브마린,q
060380,동양에스텍,q
060480,국일신동,q
060540,에스에이티,q
060560,홈센타홀딩스,q
060570,아이리버,q
060590,씨티씨바이오,q
060720,KH바텍,q
060900,퍼시픽바이오,q
060980,한라홀딩스,p
061040,알에프텍,q
061250,화일약품,q
061970,엘비세미콘,q
062860,티엘아이,q
063080,게임빌,q
063160,종근당바이오,p
063170,서울옥션,q
063440,SM Life Design,q
063570,한국전자금융,q
063760,이엘피,q
064090,에프앤리퍼블릭,q
064240,홈캐스트,q
064260,다날,q
064290,인텍플러스,q
064350,현대로템,p
064480,브리지텍,q
064510,에코마이스터,q
064550,바이오니아,q
064760,티씨케이,q
064800,필링크,q
064820,케이프,q
064960,S&T모티브,p
065060,지엔코,q
065130,탑엔지니어링,q
065170,넥스트BT,q
065350,신성델타테크,q
065420,에스아이리소스,q
065440,이루온,q
065450,빅텍,q
065500,오리엔트정공,q
065510,휴비츠,q
065530,전파기지국,q
065560,녹원씨엔아이,q
065570,삼영이엔씨,q
065620,제낙스,q
065650,메디프론,q
065660,안트로젠,q
065680,우주일렉트로,q
065690,대진디엠피,q
065710,서호전기,q
065770,CS,q
065950,웰크론,q
066110,한프,q
066130,하츠,q
066310,큐에스아이,q
066360,체리부로,q
066410,버킷스튜디오,q
066430,와이오엠,q
066570,LG전자,p
066575,LG전자우,p
066590,우수AMS,q
066620,국보디자인,q
066670,디스플레이텍,q
066700,테라젠이텍스,q
066900,디에이피,q
066910,손오공,q
066970,엘앤에프,q
066980,브레인콘텐츠,q
067000,조이시티,q
067010,이씨에스,q
067080,대화제약,q
067160,아프리카TV,q
067170,오텍,q
067280,멀티캠퍼스,q
067290,JW신약,q
067310,하나마이크론,q
067390,아스트,q
067570,엔브이에이치코리아,q
067630,에이치엘비생명과학,q
067730,로지시스,q
067770,세진티에스,q
067830,세이브존I&C,p
067900,와이엔텍,q
067920,이글루시큐리티,q
067990,도이치모터스,q
068050,팬엔터테인먼트,q
068240,다원시스,q
068270,셀트리온,p
068290,삼성출판사,p
068330,일신바이오,q
068400,AJ렌터카,p
068760,셀트리온제약,q
068790,DMS,q
068930,디지털대성,q
068940,아이씨케이,q
069080,웹젠,q
069110,코스온,q
069140,누리플랜,q
069260,휴켐스,p
069330,유아이디,q
069410,엔텔스,q
069500,KODEX 200,p
069510,에스텍,q
069540,라이트론,q
069620,대웅제약,p
069640,한세엠케이,p
069660,KOSEF 200,p
069730,DSR제강,p
069920,아이에스이커머스,q
069960,현대백화점,p
070300,한솔시큐어,q
070590,한솔인티큐브,q
070960,용평리조트,p
071050,한국금융지주,p
071055,한국금융지주우,p
071090,하이스틸,p
071200,인피니트헬스케어,q
071280,로체시스템즈,q
071320,지역난방공사,p
071460,대유위니아,q
071670,에이테크솔루션,q
071840,롯데하이마트,p
071850,캐스텍코리아,q
071950,코아스,p
071970,STX중공업,p
072020,중앙백신,q
072130,유엔젤,p
072470,우리산업홀딩스,q
072520,제넨바이오,q
072710,농심홀딩스,p
072770,네오디안테크놀로지,q
072870,메가스터디,q
072950,빛샘전자,q
072990,에이치시티,q
073070,에스모,q
073110,엘엠에스,q
073190,듀오백,q
073240,금호타이어,p
073490,이노와이어리스,q
073540,에프알텍,q
073560,우리손에프앤지,q
073570,피엠지파마,q
073640,삼원테크,q
074430,아미노로직스,q
074600,원익QnC,q
074610,나노메딕스,p
075130,플랜티넷,q
075180,새론오토모티브,p
075580,세진중공업,p
075970,동국알앤에스,q
076080,웰크론한텍,q
076610,해성옵틱스,q
077280,한컴지엠디,q
077360,덕산하이메탈,q
077500,유니퀘스트,p
077970,STX엔진,p
078000,텔코웨어,p
078020,이베스트투자증권,q
078070,유비쿼스홀딩스,q
078130,국일제지,q
078140,대봉엘에스,q
078150,HB테크놀러지,q
078160,메디포스트,q
078340,컴투스,q
078350,한양디지텍,q
078520,에이블씨엔씨,p
078590,두올산업,q
078600,대주전자재료,q
078650,코렌,q
078860,아이오케이,q
078890,가온미디어,q
078930,GS,p
078935,GS우,p
078940,일경산업개발,q
079000,와토스코리아,q
079160,CJ CGV,p
079170,한창산업,q
079370,제우스,q
079430,현대리바트,p
079440,오렌지라이프,p
079550,LIG넥스원,p
079650,서산,q
079660,사조해표,p
079810,디이엔티,q
079940,가비아,q
079950,인베니아,q
079960,동양이엔피,q
079970,투비소프트,q
079980,휴비스,p
080000,에스엔유,q
080010,이상네트웍스,q
080160,모두투어,q
080220,제주반도체,q
080420,모다이노칩,q
080440,에스제이케이,q
080470,성창오토텍,q
080520,오디텍,q
080580,오킨스전자,q
080720,한국유니온제약,q
081000,일진다이아,p
081150,티플랙스,q
081580,성우전자,q
081660,휠라코리아,p
082210,옵트론텍,q
082270,젬백스,q
082640,동양생명,p
082660,삼우엠스,q
082740,HSD엔진,p
082800,루미마이크로,q
082850,우리이티아이,q
082920,비츠로셀,q
083310,엘오티베큠,q
083420,그린케미칼,p
083450,GST,q
083500,에프엔에스테크,q
083550,케이엠,q
083640,인콘,q
083650,비에이치아이,q
083660,CSA 코스믹,q
083790,크리스탈,q
083930,아바코,q
084010,대한제강,p
084110,휴온스글로벌,q
084370,유진테크,q
084650,랩지노믹스,q
084670,동양고속,p
084680,이월드,p
084690,대상홀딩스,p
084695,대상홀딩스우,p
084730,팅크웨어,q
084870,TBH글로벌,p
084990,바이로메드,q
085310,엔케이,p
085370,루트로닉,q
08537M,루트로닉3우C,q
085620,미래에셋생명,p
085660,차바이오텍,q
085670,뉴프렉스,q
085810,알티캐스트,q
085910,네오티스,q
086040,바이오톡스텍,q
086060,진바이오텍,q
086250,화신테크,q
086280,현대글로비스,p
086390,유니테스트,q
086450,동국제약,q
086520,에코프로,q
086670,비엠티,q
086790,하나금융지주,p
086820,바이오솔루션,q
086890,이수앱지스,q
086900,메디톡스,q
086960,한컴MDS,q
086980,쇼박스,q
087010,펩트론,q
087260,모바일어플라이언스,q
087600,픽셀플러스,q
087730,네패스신소재,q
088130,동아엘텍,q
088260,이리츠코크렙,p
088290,이원컴포텍,q
088350,한화생명,p
088390,이녹스,q
088790,진도,p
088800,에이스테크,q
088910,동우팜투테이블,q
088980,맥쿼리인프라,p
089010,켐트로닉스,q
089030,테크윙,q
089140,넥스턴,q
089150,케이씨티,q
089230,THE E&M,q
089470,HDC현대EP,p
089530,에이티세미콘,q
089590,제주항공,p
089600,나스미디어,q
089790,제이티,q
089850,유비벨록스,q
089890,코세스,q
089970,에이피티씨,q
089980,상아프론테크,q
090080,평화산업,p
090150,광진윈텍,q
090350,노루페인트,p
090355,노루페인트우,p
090360,로보스타,q
090370,메타랩스,p
090410,덕신하우징,q
090430,아모레퍼시픽,p
090435,아모레퍼시픽우,p
090460,비에이치,q
090470,제이스텍,q
090710,디에스티로봇,q
090740,연이정보통신,q
090850,이지웰페어,q
091090,세원셀론텍,p
091120,이엠텍,q
091160,KODEX 반도체,p
091170,KODEX 은행,p
091180,KODEX 자동차,p
091210,TIGER KRX100,p
091220,TIGER 은행,p
091230,TIGER 반도체,p
091340,S&K폴리텍,q
091440,텔레필드,q
091580,상신이디피,q
091590,남화토건,q
091700,파트론,q
091810,티웨이항공,p
091970,나노캠텍,q
091990,셀트리온헬스케어,q
092040,아미코젠,q
092070,디엔에프,q
092130,이크레더블,q
092200,디아이씨,p
092220,KEC,p
092230,KPX홀딩스,p
092300,현우산업,q
092440,기신정기,p
092460,한라IMS,q
092600,앤씨앤,q
092730,네오팜,q
092780,동양피스톤,p
092870,엑시콘,q
093050,LF,p
093190,빅솔론,q
093230,이아이디,p
093240,형지엘리트,p
093320,케이아이엔엑스,q
093370,후성,p
093380,풍강,q
093520,매커스,q
093640,다믈멀티미디어,q
093920,서원인텍,q
094170,동운아나텍,q
094190,이엘케이,q
094280,효성ITX,p
094360,칩스앤미디어,q
094480,갤럭시아컴즈,q
094800,맵스리얼티1,p
094820,일진파워,q
094840,슈프리마에이치큐,q
094850,참좋은여행,q
094860,코닉글로리,q
094940,푸른기술,q
094970,제이엠티,q
095190,이엠코리아,q
095270,웨이브일렉트로,q
095340,ISC,q
095500,미래나노텍,q
095570,AJ네트웍스,p
095610,테스,q
095660,네오위즈,q
095700,제넥신,q
095720,웅진씽크빅,p
095910,에스에너지,q
096040,이트론,q
096240,청담러닝,q
096300,베트남개발1,p
096350,대창솔루션,q
096530,씨젠,q
096610,알에프세미,q
096630,에스코넥,q
096640,멜파스,q
096690,제이스테판,q
096760,JW홀딩스,p
096770,SK이노베이션,p
096775,SK이노베이션우,p
096870,엘디티,q
097230,한진중공업,p
097520,엠씨넥스,q
097750,TREX 중소형가치,p
097780,에스맥,q
097800,윈팩,q
097870,효성오앤비,q
097950,CJ제일제당,p
097955,CJ제일제당 우,p
098120,마이크로컨텍솔,q
098460,고영,q
098560,TIGER 방송통신,p
098660,에스티오,q
099140,KODEX China H,p
099190,아이센스,q
099220,SDN,q
099320,쎄트렉아이,q
099340,하나니켈1호,p
099350,하나니켈2호,p
099410,동방선기,q
099440,스맥,q
099520,ITX엠투엠,q
100030,모바일리더,q
100090,삼강엠앤티,q
100120,뷰웍스,q
100130,동국S&C,q
100220,비상교육,p
100250,진양홀딩스,p
100590,머큐리,q
100660,서암기계공업,q
100700,세운메디칼,q
100840,S&TC,p
100910,KOSEF KRX100,p
101060,SBS미디어홀딩스,p
101140,아티스,p
101160,월덱스,q
101170,우림기계,q
101240,씨큐브,q
101280,KODEX 일본TOPIX100,p
101330,모베이스,q
101390,아이엠,q
101400,엔시트론,q
101490,에스앤에스텍,q
101530,해태제과식품,p
101670,코리아에스이,q
101730,조이맥스,q
101930,인화정공,q
102110,TIGER 200,p
102120,어보브반도체,q
102260,동성코퍼레이션,p
102280,쌍방울,p
102460,이연제약,p
102710,이엔에프테크놀로지,q
102780,KODEX 삼성그룹,p
102940,코오롱생명과학,q
102960,KODEX 기계장비,p
102970,KODEX 증권,p
103130,웅진에너지,p
103140,풍산,p
103230,에스앤더블류,q
103590,일진전기,p
104040,대성파인텍,q
104200,NHN벅스,q
104460,동양피엔에프,q
104480,티케이케미칼,q
104520,KOSEF 블루칩,p
104530,KOSEF 고배당,p
104540,코렌텍,q
104700,한국철강,p
104830,원익머트리얼즈,q
105010,TIGER 라틴35,p
105190,KINDEX 200,p
105330,케이엔더블유,q
105550,트루윈,q
105560,KB금융,p
105630,한세실업,p
105740,디케이락,q
105780,KBSTAR 5대그룹주,p
105840,우진,p
106190,하이텍팜,q
106240,파인테크닉스,q
106520,디지탈옵틱,q
107590,미원홀딩스,p
108230,톱텍,q
108320,실리콘웍스,q
108380,대양전기공업,q
108450,KINDEX 삼성그룹섹터? 10,p
108490,로보티즈,q
108590,TREX 200,p
108670,LG하우시스,p
108675,LG하우시스우,p
108790,인터파크,q
108860,셀바스AI,q
109070,컨버즈,p
109080,옵티시스,q
109610,에스와이패널,q
109740,디에스케이,q
109820,진매트릭스,q
109860,동일금속,q
109960,에이프로젠 H&G,q
110020,전진바이오팜,q
110790,크리스에프앤씨,q
110990,디아이티,q
111110,호전실업,p
111710,남화산업,q
111770,영원무역,p
111870,삼본정밀전자,q
112040,위메이드,q
112240,에스에프씨,q
112610,씨에스윈드,p
113810,디젠스,q
114090,GKL,p
114100,KBSTAR 국고채3년,p
114120,크루셜텍,q
114190,웰크론강원,q
114260,KODEX 국고채3년,p
114450,KPX생명과학,q
114460,KINDEX 중기국고채,p
114470,KOSEF 국고채3년,p
114570,지스마트글로벌,q
114630,우노앤컴퍼니,q
114800,KODEX 인버스,p
114810,아이원스,q
114820,TIGER 국채3년,p
115160,휴맥스,q
115180,큐리언트,q
115310,인포바인,q
115390,락앤락,p
115440,우리넷,q
115450,지트리비앤티,q
115480,씨유메디칼,q
115500,케이씨에스,q
115570,스타플렉스,q
115610,이미지스,q
115960,연우,q
117460,KODEX 에너지화학,p
117580,대성에너지,p
117670,알파홀딩스,q
117680,KODEX 철강,p
117690,TIGER 차이나항셍25,p
117700,KODEX 건설,p
117730,티로보틱스,q
118000,우리들휴브레인,p
118990,모트렉스,q
119500,포메탈,q
119610,인터로조,q
119650,KC코트렐,p
119830,아이텍반도체,q
119850,지엔씨에너지,q
119860,다나와,q
120030,조선선재,p
120110,코오롱인더,p
120115,코오롱인더우,p
120240,대정화금,q
121440,골프존뉴딘홀딩스,q
121600,나노신소재,q
121800,비덴트,q
121850,코이즈,q
121890,에스디시스템,q
122090,ARIRANG 코스피50,p
122260,KOSEF 통안채1년,p
122310,제노레이,q
122350,삼기오토모티브,q
122450,KMH,q
122630,KODEX 레버리지,p
122640,예스티,q
122690,서진오토모티브,q
122870,와이지엔터테인먼트,q
122900,아이마켓코리아,p
122990,와이솔,q
123010,옵토팩,q
123040,엠에스오토텍,q
123100,원익테라세미콘,q
123260,화텍파워,q
123310,TIGER 인버스,p
123320,TIGER 레버리지,p
123330,제닉,q
123410,코리아에프티,q
123420,선데이토즈,q
123570,이엠넷,q
123690,한국화장품,p
123700,SJM,p
123750,알톤스포츠,q
123840,한일진공,q
123860,아나패스,q
123890,한국자산신탁,p
124500,아이티센,q
126560,현대에이치씨엔,p
126600,코프라,q
126640,화신정공,q
126700,하이비젼시스템,q
126870,뉴로스,q
126880,제이엔케이히터,q
127120,디엔에이링크,q
127160,매직마이크로,q
127710,아시아경제,q
128540,에코캡,q
128660,피제이메탈,q
128820,대성산업,p
128940,한미약품,p
129260,인터지스,p
130500,GH신소재,q
130580,나이스디앤비,q
130660,한전산업,p
130680,TIGER 원유선물Enhanc,p
130730,KOSEF 단기자금,p
130740,티피씨글로벌,q
131030,디에이치피코리아,q
131090,시큐브,q
131180,딜리,q
131220,대한과학,q
131290,티에스이,q
131370,알서포트,q
131390,피앤이솔루션,q
131400,액트,q
131760,파인텍,q
131890,KINDEX 삼성그룹동일? 13,p
131970,테스나,q
132030,KODEX 골드선물(H),p
133690,TIGER 미국나스닥100,p
133750,메가엠디,q
133820,화인베스틸,p
134060,이퓨쳐,q
134380,미원화학,p
134580,디엠티,q
134790,시디즈,p
136340,KBSTAR 중기우량회사? 103,p
136480,하림,q
136490,선진,p
136510,쎄미시스코,q
136540,윈스,q
137400,피엔티,q
137610,TIGER 농산물선물Enha,p
137930,마이다스 200커버드콜,p
137940,넥스트아이,q
137950,제이씨케미칼,q
138040,메리츠금융지주,p
138070,신진에스엠,q
138080,오이솔루션,q
138230,KOSEF 미국달러선물,p
138250,엔에스쇼핑,p
138360,에이씨티,q
138490,코오롱플라스틱,p
138520,TIGER 삼성그룹펀더멘,p
138530,TIGER LG그룹+펀더멘? 7,p
138540,TIGER 현대차그룹+펀? 17,p
138580,비즈니스온,q
138610,나이벡,q
138690,엘아이에스,q
138910,KODEX 구리선물(H),p
138920,KODEX 콩선물(H),p
138930,BNK금융지주,p
139050,데일리블록체인,q
139130,DGB금융지주,p
139220,TIGER 200 건설,p
139230,TIGER 200 중공업,p
139240,TIGER 200 철강소재,p
139250,TIGER 200 에너지화학,p
139260,TIGER 200 IT,p
139270,TIGER 200 금융,p
139280,TIGER 경기방어,p
139290,TIGER 200 경기소비재,p
139310,TIGER 금속선물(H),p
139320,TIGER 금은선물(H),p
139480,이마트,p
139660,KOSEF 미국달러선물인,p
139670,넥스트리밍,q
140070,서플러스글로벌,q
140410,메지온,q
140520,대창스틸,q
140570,KBSTAR 수출주,p
140580,KBSTAR 우량업종,p
140670,알에스오토메이션,q
140700,KODEX 보험,p
140710,KODEX 운송,p
140860,파크시스템스,q
140890,트러스제7호,p
140910,에이리츠,p
140950,파워 코스피100,p
141000,비아트론,q
141020,포티스,q
141070,맥스로텍,q
141080,레고켐바이오,q
142210,유니트론텍,q
142280,녹십자엠에스,q
142760,바이오리더스,q
143160,아이디스,q
143210,핸즈코퍼레이션,p
143240,사람인에이치알,q
143460,KINDEX 밸류대형,p
143540,영우디에스피,q
143850,TIGER 미국S&P500선물,p
143860,TIGER 헬스케어,p
144510,녹십자랩셀,q
144600,KODEX 은선물(H),p
144620,코오롱머티리얼,p
144960,뉴파워프라즈마,q
145020,휴젤,q
145270,케이탑리츠,p
145670,KINDEX 인버스,p
145720,덴티움,p
145850,TREX 펀더멘탈 200,p
145990,삼양사,p
145995,삼양사우,p
147760,마이크로프랜드,q
147830,제룡산업,q
147970,TIGER 모멘텀,p
148020,KBSTAR 200,p
148070,KOSEF 국고채10년,p
148140,비디아이,q
148250,알엔투테크놀로지,q
149950,아바텍,q
149980,하이로닉,q
150460,TIGER 중국소비테마,p
150840,인트로메딕,q
150900,파수닷컴,q
151860,KG ETS,q
151910,나노스,q
152100,ARIRANG 200,p
152280,KOSEF 200 선물,p
152330,코리아오토글라스,p
152380,KODEX 국채선물10년,p
152500,KINDEX 레버리지,p
152550,한국ANKOR유전,p
152870,파워 200,p
153130,KODEX 단기채권,p
153270,KOSEF 코스피100,p
153360,하이골드3호,p
153460,네이블,q
153490,우리이앤엘,q
153710,옵티팜,q
154030,아시아종묘,q
154040,솔루에타,q
155650,와이엠씨,q
155660,DSR,p
155900,바다로19호,p
156080,KODEX MSCI Korea,p
156100,엘앤케이바이오,q
157450,TIGER 단기통안채,p
157490,TIGER 소프트웨어,p
157500,TIGER 증권,p
158310,인터불스,q
159580,제로투세븐,q
159650,하이골드8호,p
159800,마이티 코스피100,p
159910,스킨앤스킨,q
160550,NEW,q
160580,TIGER 구리실물,p
160600,에스엔텍,q
160980,싸이맥스,q
161000,애경유화,p
161390,한국타이어,p
161510,ARIRANG 고배당주,p
161570,THE MIDONG,q
161580,필옵틱스,q
161890,한국콜마,p
163560,동일고무벨트,p
166090,하나머티리얼즈,q
166480,코아스템,q
167860,KOSEF 국고채10년레버,p
168300,KTOP 코스피50,p
168330,내츄럴엔도텍,q
168490,한국패러랠,p
168580,KINDEX 중국본토CSI30,p
169950,KODEX 중국본토 A50,p
170030,현대공업,q
170790,파이오링크,q
170900,동아에스티,p
170920,엘티씨,q
171010,램테크놀러지,q
171090,선익시스템,q
171120,라이온켐텍,q
172580,하이골드12호,p
173130,오파스넷,q
173940,에프엔씨엔터,q
174350,TIGER 로우볼,p
174360,KBSTAR 중국본토대형? 13,p
174880,장원테크,q
174900,앱클론,q
175140,인포마크,q
175250,아이큐어,q
175330,JB금융지주,p
176440,에이치엔티,q
176950,KODEX 국채선물10년인,p
177350,베셀,q
177830,파버나인,q
178320,서진시스템,q
178780,유테크,q
178920,SKC코오롱PI,q
179290,엠아이텍,q
179900,유티아이,q
180400,캔서롭,q
180640,한진칼,p
18064K,한진칼우,p
181340,이즈미디어,q
181480,KINDEX 미국다우존스? 72,p
181710,NHN엔터테인먼트,p
182360,큐브엔터,q
182400,에이티젠,q
182480,TIGER 미국MSCI리츠(? 12,p
182490,TIGER 단기선진하이일,p
182690,테라셈,q
183190,아세아시멘트,p
183300,코미코,q
183490,엔지켐생명과학,q
183700,KBSTAR 채권혼합,p
183710,KBSTAR 주식혼합,p
184230,SGA솔루션즈,q
185490,아이진,q
185680,KODEX 미국S&P바이오(,p
185750,종근당,p
187220,디티앤씨,q
187270,신화콘텍,q
187420,제노포커스,q
187790,나노,q
187870,디바이스이엔지,q
189300,인텔리안테크,q
189400,ARIRANG 글로벌MSCI(? 12,p
189690,포시에스,q
189860,서전기전,q
189980,흥국에프엔비,q
190510,나무가,q
190620,KINDEX 단기통안채,p
191410,육일씨엔에쓰,q
191420,테고사이언스,q
192080,더블유게임즈,q
192090,TIGER 차이나CSI300,p
192250,케이사인,q
192390,윈하이텍,q
192400,쿠쿠홀딩스,p
192440,슈피겐코리아,q
192720,파워 고배당저변동성,p
192820,코스맥스,p
193250,와이제이엠게임즈,q
194370,제이에스코퍼레이션,p
194480,데브시스터즈,q
194700,노바렉스,q
195440,퓨전데이타,q
195870,해성디에스,p
195920,TIGER 일본TOPIX(합성,p
195930,TIGER 유로스탁스50(? 10,p
195970,ARIRANG 선진국MSCI(? 9,p
195980,ARIRANG 신흥국MSCI(? 10,p
195990,유지인트,q
196030,KINDEX 일본TOPIX레버,p
196170,알테오젠,q
196220,KBSTAR 일본TOPIX레버,p
196230,KBSTAR 단기통안채,p
196300,애니젠,q
196450,텔루스,q
196490,디에이테크놀로지,q
196700,웹스,q
197140,디지캡,q
197210,리드,q
198440,고려시멘트,q
200020,KODEX 미국S&P IT(합? 18,p
200030,KODEX 미국S&P산업재(,p
200040,KODEX 미국S&P금융(합,p
200130,콜마비앤에이치,q
200230,텔콘RF제약,q
200250,KOSEF 인도Nifty50(합,p
200470,하이셈,q
200670,휴메딕스,q
200710,에이디테크놀로지,q
200780,비씨월드제약,q
200880,서연이화,p
201490,미투온,q
203450,유니온커뮤니티,q
203650,드림시큐리티,q
203690,프로스테믹스,q
203780,TIGER 미국나스닥바이,p
204020,엠코르셋,q
204210,모두투어리츠,p
204320,만도,p
204420,ARIRANG 차이나H 레버,p
204450,KODEX China H 레버리,p
204480,TIGER 차이나CSI300레,p
204620,글로벌텍스프리,q
204630,화이브라더스코리아,q
204840,지엘팜텍,q
204990,현성바이탈,q
205100,엑셈,q
205470,휴마시스,q
205500,액션스퀘어,q
205720,KINDEX 일본TOPIX인버,p
206400,엔터메이트,q
206560,덱스터,q
206640,바디텍메드,q
206650,유바이오로직스,q
207760,미스터블루,q
207940,삼성바이오로직스,p
208140,정다운,q
208340,파멥신,q
208350,지란지교시큐리티,q
208370,셀바스헬스케어,q
208470,SMART 선진국MSCI Wor,p
208640,썸에이지,q
208710,바이오로그디바이스,q
208860,엔지스테크널러지,q
210540,디와이파워,p
210780,TIGER 코스피고배당,p
210980,SK디앤디,p
211260,KINDEX 배당성장,p
211270,AP위성,q
211560,TIGER 배당성장,p
211900,KODEX 배당성장,p
212560,네오오토,q
213090,미래테크놀로지,q
213420,덕산네오룩스,q
213500,한솔제지,p
213610,KODEX 삼성그룹밸류,p
213630,ARIRANG 미국다우존스,p
214150,클래시스,q
214180,민앤지,q
214270,퓨쳐스트림네트웍스,q
214310,세미콘라이트,q
214320,이노션,p
214330,금호에이치티,p
214370,케어젠,q
214390,경보제약,p
214420,토니모리,p
214430,아이쓰리시스템,q
214450,파마리서치프로덕트,q
214680,디알텍,q
214870,에치디프로,q
214980,KODEX 단기채권PLUS,p
215000,골프존,q
215090,한컴유니맥스,q
215100,로보로보,q
215200,메가스터디교육,q
215360,우리산업,q
215380,우정바이오,q
215480,토박스코리아,q
215600,신라젠,q
215790,이노인스트루먼트,q
216050,인크로스,q
217190,제너셈,q
217270,넵튠,q
217330,싸이토젠,q
217480,에스디생명공학,q
217500,러셀,q
217600,켐온,q
217620,디딤,q
217730,강스템바이오텍,q
217770,TIGER 원유선물인버스,p
217780,TIGER 차이나CSI300인,p
217790,TIGER 가격조정,p
217820,엔에스,q
218150,미래생명자원,q
218410,RFHIC,q
218420,KODEX 미국S&P에너지(,p
219130,타이거일렉,q
219390,KBSTAR 미국S&P원유생,p
219420,링크제니시스,q
219480,KODEX 미국S&P500선물,p
219550,MP한강,q
219750,지티지웰니스,q
219900,KINDEX 중국본토CSI30,p
220100,퓨쳐켐,q
220130,SMART 중국본토 중소? 3,p
220180,핸디소프트,q
220260,켐트로스,q
220630,해마로푸드서비스,q
221610,한솔씨앤피,q
221840,하이즈항공,q
221980,케이디켐,q
222040,뉴트리바이오텍,q
222080,씨아이에스,q
222110,팬젠,q
222180,ARIRANG 스마트베타 V,p
222190,ARIRANG 스마트베타 M,p
222200,ARIRANG 스마트베타 Q,p
222420,쎄노텍,q
222800,심텍,q
222810,한류AI센터,q
222980,한국맥널티,q
223190,KODEX 200가치저변동,p
223310,이에스브이,q
224060,코디엠,q
224110,에이텍티앤,q
225030,TIGER 미국S&P500선물,p
225040,TIGER 미국S&P500레버,p
225050,TIGER 유로스탁스레버,p
225060,TIGER 이머징마켓MSCI,p
225130,KINDEX 골드선물 레버,p
225190,삼양옵틱스,q
225330,씨엠에스에듀,q
225430,케이엠제약,q
225530,보광산업,q
225570,넷게임즈,q
225590,패션플랫폼,q
225650,쿠첸,q
225800,KOSEF 미국달러선물 ? 8,p
226320,잇츠한불,p
226340,본느,q
226350,아이엠텍,q
226360,이엑스티,q
226380,KINDEX 한류,p
226400,오스테오닉,q
226440,한송네오텍,q
226490,KODEX 코스피,p
226950,올릭스,q
226980,KODEX 200 중소형,p
227100,디자인,q
227540,TIGER 200 헬스케어,p
227550,TIGER 200 산업재,p
227570,TIGER 우량가치,p
227610,아우딘퓨쳐스,q
227830,ARIRANG 코스피,p
227840,현대코퍼레이션홀딩스,p
227950,마이크로텍,q
228340,동양파일,q
228790,TIGER 화장품,p
228800,TIGER 여행레저,p
228810,TIGER 미디어컨텐츠,p
228820,TIGER KTOP30,p
228850,레이언스,q
229200,KODEX 코스닥 150,p
229640,LS전선아시아,p
229720,KODEX KTOP30,p
230240,에치에프알,q
230360,에코마케팅,q
230480,KOSEF 미국달러선물 ? 9,p
230980,솔트웍스,q
232080,TIGER 코스닥150,p
232140,와이아이케이,q
232330,SK3호스팩,q
232590,KINDEX 골드선물 인버,p
233160,TIGER 코스닥150 레버,p
233740,KODEX 코스닥150 레버,p
234080,JW생명과학,p
234100,세원,q
234300,에스트래픽,q
234310,KBSTAR V&S셀렉트밸류,p
234920,자이글,q
236200,슈프리마,q
236350,TIGER 인도니프티50레,p
236460,ARIRANG 스마트베타 L,p
237350,KODEX 코스피100,p
237370,KODEX 배당성장채권혼,p
237440,TIGER 경기방어채권혼,p
237690,에스티팜,q
237750,피앤씨테크,q
237880,클리오,q
238090,앤디포스,q
238120,로고스바이오,q
238200,비피도,q
238490,힘스,q
238670,ARIRANG 스마트베타Qu,p
238720,KINDEX 일본Nikkei225,p
239610,에이치엘사이언스,q
239660,ARIRANG 우량회사채50,p
240810,원익IPS,q
241180,TIGER 일본니케이225,p
241390,KBSTAR V&S셀렉트밸류,p
241520,DSC인베스트먼트,q
241560,두산밥캣,p
241590,화승엔터프라이즈,p
241690,유니테크노,q
241710,코스메카코리아,q
241770,메카로,q
241790,오션브릿지,q
241820,피씨엘,q
242040,나무기술,q
243070,휴온스,q
243840,신흥에스이씨,q
243880,TIGER 200IT레버리지,p
243890,TIGER 200에너지화학? 11,p
244580,KODEX 바이오,p
244620,KODEX 모멘텀Plus,p
244660,KODEX 퀄리티Plus,p
244670,KODEX 밸류Plus,p
245340,TIGER 미국다우존스30,p
245350,TIGER 유로스탁스배당,p
245360,TIGER 차이나HSCEI,p
245620,EDGC,q
245710,KINDEX 베트남VN30(합,p
246690,티에스인베스트먼트,q
246710,티앤알바이오팹,q
246720,아스타,q
247780,KODEX 가치투자,p
247790,KODEX 성장투자,p
247800,KODEX 턴어라운드투자,p
248170,샘표식품,p
248260,TIGER 일본TOPIX헬스? 9,p
248270,TIGER S&P글로벌헬스? 11,p
249420,일동제약,p
250000,보라티알,q
250060,모비스,q
250730,KBSTAR 차이나HSCEI(H,p
250780,TIGER 코스닥150선물? 7,p
251270,넷마블,p
251340,KODEX 코스닥150선물? 7,p
251350,KODEX 선진국MSCI Wor,p
251370,와이엠티,q
251590,ARIRANG 고배당저변동,p
251600,ARIRANG 고배당주채권,p
251630,브이원텍,q
252000,TIGER 200동일가중,p
252400,KBSTAR 200선물레버리,p
252410,KBSTAR 200선물인버스,p
252420,KBSTAR 200선물인버스,p
252500,세화피앤씨,q
252650,KODEX 200동일가중,p
252670,KODEX 200선물인버스2,p
252710,TIGER 200선물인버스2,p
252720,KBSTAR 모멘텀밸류,p
252730,KBSTAR 모멘텀로우볼,p
253150,ARIRANG 200선물레버? 23,p
253160,ARIRANG 200선물인버? 14,p
253230,KOSEF 200선물인버스2,p
253240,KOSEF 200선물인버스,p
253250,KOSEF 200선물레버리? 12,p
253280,KBSTAR 헬스케어,p
253290,KBSTAR 헬스케어채권? 10,p
253450,스튜디오드래곤,q
253590,대신밸런스제3호스팩,q
253990,TIGER 대만TAIEX선물(,p
254120,IBKS제5호스팩,q
255220,SG,q
255440,야스,q
256440,KINDEX 인도네시아MSC,p
256630,엔에이치스팩10호,q
256750,KODEX 심천ChiNext(합,p
256840,엔에이치스팩11호,q
256940,케이피에스,q
257370,명성티엔에스,q
257730,신한제3호스팩,q
258610,이더블유케이,q
258790,케이비제11호스팩,q
258830,세종메디칼,q
259630,엠플러스,q
260200,KOSEF 배당바이백Plus,p
260270,KOSEF 저PBR가중,p
260660,알리코제약,q
260930,씨티케이코스메틱스,q
261060,TIGER 코스닥150IT,p
261070,TIGER 코스닥150바이? 11,p
261110,TIGER 미국달러선물레,p
261120,TIGER 미국달러선물인,p
261140,TIGER 우선주,p
261220,KODEX WTI원유선물(H),p
261240,KODEX 미국달러선물,p
261250,KODEX 미국달러선물레,p
261260,KODEX 미국달러선물인,p
261270,KODEX 미국달러선물인,p
261920,KINDEX 필리핀MSCI(합,p
263020,디케이앤디,q
263050,유틸렉스,q
263190,ARIRANG 단기우량채권,p
263540,샘코,q
263600,덕우전자,q
263690,디알젬,q
263700,케어랩스,q
263720,디앤씨미디어,q
263750,펄어비스,q
263770,유에스티,q
263800,데이타솔루션,q
263810,상신전자,q
263860,지니언스,q
263920,에스엔피월드,q
264290,한화에이스스팩3호,q
264450,유비쿼스,q
264660,씨앤지하이테크,q
264850,IBKS제6호스팩,q
264900,크라운제과,p
26490K,크라운제과우,p
265480,미래에셋대우스팩1호,q
265520,AP시스템,q
265560,영화테크,q
265690,KINDEX 러시아MSCI(합,p
265920,한화수성스팩,q
266140,TIGER 지속배당,p
266160,KBSTAR 고배당,p
266360,KODEX 미디어&엔터테? 10,p
266370,KODEX IT,p
266390,KODEX 경기소비재,p
266410,KODEX 필수소비재,p
266420,KODEX 헬스케어,p
266550,ARIRANG 중형주저변동,p
267250,현대중공업지주,p
267260,현대일렉트릭,p
267270,현대건설기계,p
267290,경동도시가스,p
267300,TIGER 코스닥150로우? 11,p
267320,교보7호스팩,q
267440,KBSTAR 미국장기국채? 9,p
267450,KBSTAR 미국장기국채? 9,p
267490,KBSTAR 미국장기국채? 9,p
267500,KBSTAR 미국장기국채? 9,p
267770,TIGER 200선물레버리? 10,p
267790,배럴,q
267850,아시아나IDT,p
267980,매일유업,q
268280,미원에스씨,p
268600,셀리버리,q
269370,TIGER S&P글로벌인프? 9,p
269420,KODEX S&P글로벌인프? 10,p
269530,ARIRANG S&P글로벌인? 9,p
269540,ARIRANG 미국S&P500(H,p
269620,시스웍,q
270520,하나금융10호스팩,q
270800,KBSTAR KQ고배당,p
270810,KBSTAR 코스닥150,p
270870,뉴트리,q
271050,KODEX WTI원유선물인? 15,p
271060,KODEX 3대농산물선물(,p
271560,오리온,p
271980,제일약품,p
272220,KINDEX 스마트모멘텀,p
272230,KINDEX 스마트밸류,p
272290,이녹스첨단소재,q
272450,진에어,p
272550,삼양패키징,p
272560,KBSTAR 단기국공채액? 100,p
272570,KBSTAR 중장기국공채? 100,p
272580,TIGER 단기채권액티브,p
272910,KINDEX 중장기국공채? 100,p
273130,KODEX 종합채권(AA-이,p
275290,KODEX MSCI밸류,p
275300,KODEX MSCI퀄리티,p
275540,파워 스마트밸류,p
275630,에스에스알,q
275750,KBSTAR 코스닥150선물,p
275980,TIGER 글로벌4차산업? 10,p
276000,TIGER 글로벌자원생산,p
276650,KBSTAR 글로벌4차산업,p
276970,KODEX 미국S&P고배당? 9,p
276990,KODEX 글로벌4차산업? 9,p
277070,린드먼아시아,q
277410,인산가,q
277480,신한제4호스팩,q
277540,KINDEX S&P아시아TOP5,p
277630,TIGER 코스피,p
277640,TIGER 코스피대형주,p
277650,TIGER 코스피중형주,p
278240,KBSTAR 코스닥150선물,p
278420,ARIRANG ESG우수기업,p
278530,KODEX 200TR,p
278540,KODEX MSCI Korea TR,p
278620,ARIRANG 단기채권액티,p
279410,한화에이스스팩4호,q
279530,KODEX 고배당,p
279540,KODEX 최소변동성,p
280320,KINDEX 미국4차산업인,p
280360,롯데제과,p
280920,ARIRANG 주도업종,p
280930,KODEX 미국러셀2000(H,p
280940,KODEX 골드선물인버스,p
281740,동부스팩5호,q
281820,케이씨텍,p
281990,KBSTAR 중소형고배당,p
282000,KBSTAR 국고채3년선물,p
282330,BGF리테일,p
282690,동아타이어,p
283580,KODEX 중국본토CSI300,p
283930,KBSTAR 지주회사,p
284430,KODEX 200미국채혼합,p
284620,하나금융11호스팩,q
284740,쿠쿠홈시스,p
284980,KBSTAR 200금융,p
284990,KBSTAR 200에너지화학,p
285000,KBSTAR 200IT,p
285010,KBSTAR 200중공업,p
285020,KBSTAR 200철강소재,p
285130,SK케미칼,p
28513K,SK케미칼우,p
285490,노바텍,q
285690,FOCUS ESG리더스,p
286940,롯데정보통신,p
287180,ARIRANG 미국나스닥기,p
287300,KBSTAR 200건설,p
287310,KBSTAR 200경기소비재,p
287320,KBSTAR 200산업재,p
287330,KBSTAR 200생활소비재,p
287410,유안타제3호스팩,q
288620,에스퓨얼셀,q
289040,KODEX MSCI KOREA ESG,p
289080,SV인베스트먼트,q
289260,TIGER MSCI KOREA ESG,p
289480,TIGER 200커버드콜ATM,p
289670,ARIRANG 국채선물10년,p
290080,KBSTAR 200고배당커버,p
290120,대유에이피,q
290130,KBSTAR ESG사회책임투,p
290270,휴네시온,q
290380,대유,q
290550,디케이티,q
290650,엘앤씨바이오,q
290660,네오펙트,q
290670,대보마그네틱,q
290720,푸드나무,q
290740,액트로,q
291130,KINDEX 멕시코MSCI(합,p
291230,삼성스팩2호,q
291610,KOSEF 코스닥150선물,p
291620,KOSEF 코스닥150선물? 12,p
291630,KOSEF 코스닥150선물? 4,p
291660,KODEX China H선물인? 11,p
291680,KBSTAR 차이나H선물인,p
291890,KODEX MSCI EM선물(H),p
292050,KBSTAR KRX300,p
292100,TIGER 대형성장,p
292110,TIGER 대형가치,p
292130,TIGER 중소형성장,p
292140,TIGER 중소형가치,p
292150,TIGER TOP10,p
292160,TIGER KRX300,p
292190,KODEX KRX300,p
292340,마이티 200커버드콜AT,p
292500,SMART KRX300,p
292560,TIGER 일본엔선물,p
292570,TIGER 일본엔선물레버,p
292580,TIGER 일본엔선물인버,p
292590,TIGER 일본엔선물인버,p
292730,FOCUS KRX300,p
292750,ARIRANG KRX300,p
292770,KODEX 국채선물3년인? 49,p
293180,HANARO 200,p
293480,하나제약,p
293580,나우아이비캐피탈,q
293940,신한알파리츠,p
294400,KOSEF 200TR,p
294870,HDC현대산업개발,p
295000,KBSTAR 국채선물10년,p
295020,KBSTAR 국채선물10년? 47,p
295040,SMART 200TR,p
295820,ARIRANG 200동일가중,p
295840,ARIRANG 200밸류,p
295860,ARIRANG 200모멘텀,p
295880,ARIRANG 200퀄리티,p
295890,ARIRANG 200로우볼,p
296710,KODEX FnKorea50,p
297570,IBKS제9호스팩,q
298000,효성화학,p
298020,효성티앤씨,p
298040,효성중공업,p
298050,효성첨단소재,p
298380,에이비엘바이오,q
298690,에어부산,p
299070,KINDEX 국채선물10년? 94,p
299080,KINDEX 국채선물3년인,p
299170,IBKS제10호스팩,q
299900,위지윅스튜디오,q
299910,베스파,q
300280,KBSTAR 중소형모멘텀? 8,p
300290,KBSTAR 중소형모멘텀? 9,p
300300,KBSTAR KQ모멘텀로우? 8,p
300310,KBSTAR KQ모멘텀밸류,p
300610,TIGER K게임,p
300640,KBSTAR 게임테마,p
300720,한일시멘트,p
300950,KODEX 게임산업,p
301400,ARIRANG 코스닥150,p
301410,ARIRANG 코스닥150선? 11,p
301440,ARIRANG 코스피중형주,p
302170,TIGER 국채선물3년인? 49,p
302180,TIGER 국채선물10년인,p
302190,TIGER 중장기국채,p
302200,TIGER 중장기국채선물,p
302210,TIGER 중장기국채선물,p
302430,이노메트리,q
302450,KBSTAR 코스피,p
304660,KODEX 미국채울트라30,p
304760,HANARO KRX300,p
304770,HANARO 코스닥150,p
304780,HANARO 200선물레버리,p
304940,KODEX 미국나스닥100? 8,p
305050,KINDEX 코스피,p
305080,TIGER 미국채10년선물,p
305540,TIGER 2차전지테마,p
305720,KODEX 2차전지산업,p
306200,세아제강,p
306520,HANARO 200선물인버스,p
306530,HANARO 코스닥150선물,p
306540,HANARO 단기통안채,p
306620,DB금융스팩6호,q
306950,KODEX KRX300레버리지,p
306960,KODEX KRX300선물인버,p
307010,KBSTAR KRX300레버리? 10,p
307020,KBSTAR KRX300선물인? 9,p
307070,SK4호스팩,q
307280,교보8호스팩,q
307510,TIGER 의료기기,p
307610,TIGER KRX300레버리지,p
307620,TIGER KRX300선물인버,p
307750,대신밸런스제6호스팩,q
307870,골든브릿지이안5호,q
308620,KODEX 미국채10년선물,p
309170,ARIRANG KRX300IT,p
309180,ARIRANG KRX300금융,p
309190,ARIRANG KRX300산업재,p
309200,ARIRANG KRX300자유소,p
309210,ARIRANG KRX300헬스케,p
309230,KINDEX 미국WideMoat? 9,p
309930,삼성머스트스팩3호,q
310080,KBSTAR 중국MSCI Chin,p
310200,미래에셋대우스팩2호,q
310840,엔에이치스팩13호,q
310870,한국제8호스팩,q
310960,TIGER 200TR,p
310970,TIGER MSCI Korea TR,p
311270,키움제5호스팩,q
314250,KODEX 미국FANG플러스,p
314700,HANARO 농업융복합산? 10,p
315270,TIGER 200커뮤니케이? 16,p
315480,KBSTAR 200커뮤니케이,p
315930,KODEX Top5PlusTR,p
315960,KBSTAR 대형고배당10T,p
316300,KINDEX 싱가포르리츠,p
316670,KOSEF 코스닥150,p
900040,차이나그레이트,q
900070,글로벌에스엠,q
900080,에스앤씨엔진그룹,q
900100,뉴프라이드,q
900110,이스트아시아홀딩스,q
900120,씨케이에이치,q
900140,엘브이엠씨홀딩스,p
900250,크리스탈신소재,q
900260,로스웰,q
900270,헝셩그룹,q
900280,골든센츄리,q
900290,GRT,q
900300,오가닉티코스메틱,q
900310,컬러레이,q
900340,윙입푸드,q
950110,SBI핀테크솔루션즈,q
950130,엑세스바이오,q
950140,잉글우드랩,q
950160,코오롱티슈진,q
950170,JTC,q
